{"schemaVersion":"1.0","appDefinitionTemplate":{"id":"/providers/Microsoft.PowerApps/apps/","type":"Microsoft.PowerApps/apps","tags":{"primaryDeviceWidth":"1706","primaryDeviceHeight":"709","supportsPortrait":"true","supportsLandscape":"true","primaryFormFactor":"Tablet","showStatusBar":"false","publisherVersion":"3.24051.23","minimumRequiredApiVersion":"2.2.0","hasComponent":"true","hasUnlockedComponent":"true","isUnifiedRootApp":"false","sienaVersion":"20240523T093639Z-3.24051.23.0"},"properties":{"appVersion":"2024-05-23T09:36:39Z","lifeCycleId":"Published","createdByClientVersion":{"major":3,"minor":24051,"build":23,"revision":0,"majorRevision":0,"minorRevision":0},"minClientVersion":{"major":3,"minor":24051,"build":23,"revision":0,"majorRevision":0,"minorRevision":0},"backgroundColor":"RGBA(0,176,240,1)","backgroundImageUri":"/1091988103689329604/Nc588aed2-6da8-4e07-ba6a-bf820f640176-logoSmallFile","displayName":"App joseline","description":"","commitMessage":"","appUris":{"documentUri":{"value":"/1091988103689329604/N84ff11ba-9e52-4d5c-a269-c7773090760c-document.msapp"},"imageUris":[],"additionalUris":[{"isSolutionAware":false,"value":"/1091988103689329604/N019a329d-91d0-4065-9eeb-12d8b343d868-identity.json"}]},"createdTime":"0001-01-01T00:00:00Z","lastModifiedTime":"0001-01-01T00:00:00Z","sharedGroupsCount":0,"sharedUsersCount":0,"connectionReferences":{"a59aa544-0af0-4ec7-9515-54e135665293":{"id":"c562ff9c-5c5c-4a52-817b-3db10ad9aa51","displayName":"SharePoint","iconUri":"https://connectoricons-prod.azureedge.net/releases/v1.0.1685/1.0.1685.3700/sharepointonline/icon.png","dataSources":["Productos","Ordenes","Categorias","Patente","Registro"],"dependencies":[],"dependents":[],"parameterHints":{},"parameterHintsV2":{},"isOnPremiseConnection":false,"bypassConsent":false,"dataSets":{"https://2gqn08.sharepoint.com/sites/Rag":{"dataSources":{"Productos":{"tableName":"0fb3ff66-6624-4813-bcc9-7133dfcdf27c"},"Ordenes":{"tableName":"ec8ed95f-cb4a-4beb-ae1c-75f23bc517a1"},"Categorias":{"tableName":"a6dd1249-6858-4a48-930d-723782f47422"}}},"https://2gqn08.sharepoint.com/sites/Patente":{"dataSources":{"Patente":{"tableName":"609d6535-5107-44ed-8890-e26c13825985"},"Registro":{"tableName":"a843ba14-61d4-466f-8dac-b54d3432c45c"}}}},"apiTier":"Standard","isCustomApiConnection":false,"actions":["providers/PowerPlatform.Governance/Operations/Read","providers/PowerPlatform.Governance/Operations/Write","providers/PowerPlatform.Governance/Operations/Delete"]}},"databaseReferences":{"default.cds":{"databaseDetails":{"referenceType":"Environmental","environmentName":"default.cds","overrideValues":{"status":"NotSpecified","environmentVariableName":""}},"dataSources":{"Car Details":{"entitySetName":"vct_cardetailses","logicalName":"vct_cardetails","isHidden":false}}}},"almMode":"Environment","performanceOptimizationEnabled":true,"canConsumeAppPass":true,"enableModernRuntimeMode":false,"executionRestrictions":{"isTeamsOnly":false,"dataLossPreventionEvaluationResult":{"status":"Compliant","lastEvaluationDate":"2024-03-26T13:12:01.5021855Z","violations":[],"violationsByPolicy":[],"violationErrorMessage":"The app uses the following connectors: ."}}},"appType":"ClassicCanvasApp","appComponents":[]}}