{"schemaVersion":"1.0","appDefinitionTemplate":{"id":"/providers/Microsoft.PowerApps/apps/","type":"Microsoft.PowerApps/apps","tags":{"primaryDeviceWidth":"1642","primaryDeviceHeight":"709","supportsPortrait":"true","supportsLandscape":"true","primaryFormFactor":"Tablet","publisherVersion":"3.24042.28","minimumRequiredApiVersion":"2.2.0","hasComponent":"false","hasUnlockedComponent":"false","isUnifiedRootApp":"false","sienaVersion":"20240424T193130Z-3.24042.28.0","showStatusBar":"false","offlineLargeFilesSupport":"false"},"properties":{"appVersion":"2024-04-24T19:31:30Z","lifeCycleId":"Published","createdByClientVersion":{"major":3,"minor":24042,"build":28,"revision":0,"majorRevision":0,"minorRevision":0},"minClientVersion":{"major":3,"minor":24042,"build":28,"revision":0,"majorRevision":0,"minorRevision":0},"backgroundColor":"RGBA(0,176,240,1)","backgroundImageUri":"/14267637470120827019/N2f6ad6f2-660e-457c-b0bb-df06d2c7b6ac-logoSmallFile","displayName":"canvas","description":"","commitMessage":"","appUris":{"documentUri":{"value":"/14267637470120827019/N3bea64eb-3f6a-42af-bbb5-db8acf519f02-document.msapp"},"imageUris":[],"additionalUris":[{"isSolutionAware":false,"value":"/14267637470120827019/Naa1b8244-0ff3-4171-b4e8-87d39ddcbb97-identity.json"}]},"createdTime":"0001-01-01T00:00:00Z","lastModifiedTime":"0001-01-01T00:00:00Z","sharedGroupsCount":0,"sharedUsersCount":0,"connectionReferences":{"c37c2091-d728-4f60-a633-b98cf33d91d8":{"id":"a12584d3-82d4-44a5-9e63-312b312b67c6","displayName":"SharePoint","iconUri":"https://connectoricons-prod.azureedge.net/releases/v1.0.1685/1.0.1685.3700/sharepointonline/icon.png","dataSources":["Contenido"],"dependencies":[],"dependents":[],"parameterHints":{},"parameterHintsV2":{},"isOnPremiseConnection":false,"bypassConsent":false,"dataSets":{"https://itauchile.sharepoint.com/sites/BASE_CONOCIMENTO_GESTION_PROBLEMAS_TI":{"dataSources":{"Contenido":{"tableName":"49effbe9-f168-4473-848f-7c4516647e59"}}}},"apiTier":"Standard","isCustomApiConnection":false,"actions":["providers/PowerPlatform.Governance/Operations/Read"]},"a3076c99-0968-4c7a-af61-cb4f461b726c":{"id":"f6addd7f-7abe-4d7e-bb03-f0a1eb05200e","displayName":"Office 365 Outlook","iconUri":"https://connectoricons-prod.azureedge.net/releases/v1.0.1677/1.0.1677.3637/office365/icon.png","dataSources":["Office365Outlook"],"dependencies":[],"dependents":[],"parameterHints":{},"parameterHintsV2":{},"isOnPremiseConnection":false,"bypassConsent":false,"dataSets":{},"apiTier":"Standard","isCustomApiConnection":false,"actions":["CalendarGetTables","SendEmailV2","SendEmail"]},"01949e91-c872-413a-b96c-83e0d665ff00":{"id":"792a163a-b573-41b1-ae86-2c99cd03123a","displayName":"Microsoft Teams","iconUri":"https://connectoricons-prod.azureedge.net/releases/v1.0.1680/1.0.1680.3652/teams/icon.png","dataSources":["MicrosoftTeams"],"dependencies":[],"dependents":[],"parameterHints":{},"parameterHintsV2":{},"isOnPremiseConnection":false,"bypassConsent":false,"dataSets":{},"apiTier":"Standard","isCustomApiConnection":false,"actions":["CreateTeamsMeeting"]},"7bc4bc6e-ede5-4219-a3d5-ad26946f94aa":{"id":"8f4f1d2e-3954-4d60-8199-5da59ca7759f","displayName":"Usuarios de Office 365","iconUri":"https://connectoricons-prod.azureedge.net/releases/v1.0.1677/1.0.1677.3637/office365users/icon.png","dataSources":["UsuariosdeOffice365"],"dependencies":[],"dependents":[],"parameterHints":{},"parameterHintsV2":{},"isOnPremiseConnection":false,"bypassConsent":false,"dataSets":{},"apiTier":"Standard","isCustomApiConnection":false,"actions":["SearchUser"]}},"databaseReferences":{},"almMode":"Environment","performanceOptimizationEnabled":true,"canConsumeAppPass":true,"enableModernRuntimeMode":false,"executionRestrictions":{"isTeamsOnly":false,"dataLossPreventionEvaluationResult":{"status":"Compliant","lastEvaluationDate":"2023-05-24T15:05:14.6061599Z","violations":[],"violationsByPolicy":[],"violationErrorMessage":"La aplicación usa los siguientes conectores: shared_office365, shared_office365users."}}},"appType":"ClassicCanvasApp","appComponents":[]}}