{"schemaVersion":"1.0","appDefinitionTemplate":{"id":"/providers/Microsoft.PowerApps/apps/","type":"Microsoft.PowerApps/apps","tags":{"primaryDeviceWidth":"1539","primaryDeviceHeight":"658","supportsPortrait":"true","supportsLandscape":"true","primaryFormFactor":"Tablet","publisherVersion":"3.23122.17","minimumRequiredApiVersion":"2.2.0","hasComponent":"false","hasUnlockedComponent":"false","isUnifiedRootApp":"false","sienaVersion":"20240102T132213Z-3.23122.17.0","showStatusBar":"false","offlineLargeFilesSupport":"false"},"properties":{"appVersion":"2024-01-02T13:22:13Z","lifeCycleId":"Published","createdByClientVersion":{"major":3,"minor":23122,"build":17,"revision":0,"majorRevision":0,"minorRevision":0},"minClientVersion":{"major":3,"minor":23122,"build":17,"revision":0,"majorRevision":0,"minorRevision":0},"backgroundColor":"RGBA(0,176,240,1)","backgroundImageUri":"/14267637470120827019/N7145d2c3-2c06-473d-bf5b-9baf9cd2bf2c-logoSmallFile","displayName":"canvas","description":"","commitMessage":"","appUris":{"documentUri":{"value":"/14267637470120827019/N8371aa58-c48a-4052-8d08-3f4e40630546-document.msapp"},"imageUris":[],"additionalUris":[{"isSolutionAware":false,"value":"/14267637470120827019/N21f56b6d-cd86-4913-a82a-840e24e919d3-identity.json"}]},"createdTime":"0001-01-01T00:00:00Z","lastModifiedTime":"0001-01-01T00:00:00Z","sharedGroupsCount":0,"sharedUsersCount":0,"connectionReferences":{"c37c2091-d728-4f60-a633-b98cf33d91d8":{"id":"a12584d3-82d4-44a5-9e63-312b312b67c6","displayName":"SharePoint","iconUri":"https://connectoricons-prod.azureedge.net/releases/v1.0.1664/1.0.1664.3477/sharepointonline/icon.png","dataSources":["Contenido"],"dependencies":[],"dependents":[],"parameterHints":{},"parameterHintsV2":{},"isOnPremiseConnection":false,"bypassConsent":false,"dataSets":{"https://itauchile.sharepoint.com/sites/BASE_CONOCIMENTO_GESTION_PROBLEMAS_TI":{"dataSources":{"Contenido":{"tableName":"49effbe9-f168-4473-848f-7c4516647e59"}}}},"apiTier":"Standard","isCustomApiConnection":false,"actions":["providers/PowerPlatform.Governance/Operations/Read"]},"a3076c99-0968-4c7a-af61-cb4f461b726c":{"id":"f6addd7f-7abe-4d7e-bb03-f0a1eb05200e","displayName":"Office 365 Outlook","iconUri":"https://connectoricons-prod.azureedge.net/releases/v1.0.1669/1.0.1669.3522/office365/icon.png","dataSources":["Office365Outlook"],"dependencies":[],"dependents":[],"parameterHints":{},"parameterHintsV2":{},"isOnPremiseConnection":false,"bypassConsent":false,"dataSets":{},"apiTier":"Standard","isCustomApiConnection":false,"actions":["CalendarGetTables","SendEmailV2"]},"01949e91-c872-413a-b96c-83e0d665ff00":{"id":"792a163a-b573-41b1-ae86-2c99cd03123a","displayName":"Microsoft Teams","iconUri":"https://connectoricons-prod.azureedge.net/releases/v1.0.1670/1.0.1670.3527/teams/icon.png","dataSources":["MicrosoftTeams"],"dependencies":[],"dependents":[],"parameterHints":{},"parameterHintsV2":{},"isOnPremiseConnection":false,"bypassConsent":false,"dataSets":{},"apiTier":"Standard","isCustomApiConnection":false,"actions":["CreateTeamsMeeting","PostMessageToConversation"]}},"databaseReferences":{},"almMode":"Environment","performanceOptimizationEnabled":true,"canConsumeAppPass":true,"enableModernRuntimeMode":false,"executionRestrictions":{"isTeamsOnly":false,"dataLossPreventionEvaluationResult":{"status":"Compliant","lastEvaluationDate":"2023-05-24T15:05:14.6061599Z","violations":[],"violationsByPolicy":[],"violationErrorMessage":"La aplicación usa los siguientes conectores: shared_office365, shared_office365users."}}},"appType":"ClassicCanvasApp","appComponents":[]}}