{"schemaVersion":"1.0","appDefinitionTemplate":{"id":"/providers/Microsoft.PowerApps/apps/","type":"Microsoft.PowerApps/apps","tags":{"minimumRequiredApiVersion":"2.2.0","primaryDeviceWidth":"1366","primaryDeviceHeight":"768","supportsPortrait":"false","supportsLandscape":"true","primaryFormFactor":"Tablet","showStatusBar":"false","publisherVersion":"3.23084.14","hasComponent":"true","hasUnlockedComponent":"true","isUnifiedRootApp":"false","sienaVersion":"20230911T202344Z-3.23084.14.0"},"properties":{"appVersion":"2023-09-11T20:23:44Z","lifeCycleId":"Published","createdByClientVersion":{"major":3,"minor":23084,"build":14,"revision":0,"majorRevision":0,"minorRevision":0},"minClientVersion":{"major":3,"minor":23084,"build":14,"revision":0,"majorRevision":0,"minorRevision":0},"backgroundColor":"rgba(165, 34, 55, 1)","backgroundImageUri":"/12882595354201260877/N3935edcc-11cd-4bd2-b2b4-c5aafa1f3a92-logoSmallFile","displayName":"Nota Reuniones","description":"note","commitMessage":"","appUris":{"documentUri":{"value":"/12882595354201260877/N5bbdcec5-60d4-402a-9d31-ba528b5531f2-document.msapp"},"imageUris":[],"additionalUris":[]},"createdTime":"0001-01-01T00:00:00Z","lastModifiedTime":"0001-01-01T00:00:00Z","sharedGroupsCount":0,"sharedUsersCount":0,"connectionReferences":{"6b2de656-facb-41aa-b502-bb84e6da4768":{"id":"8f4f1d2e-3954-4d60-8199-5da59ca7759f","displayName":"Usuarios de Office 365","iconUri":"https://connectoricons-prod.azureedge.net/u/henryorsborn/partial-builds/asev3migrations-with-resourceTemplate/1.0.1653.3403/office365users/icon.png","dataSources":["Office365Users"],"dependencies":[],"dependents":[],"parameterHints":{},"parameterHintsV2":{},"isOnPremiseConnection":false,"bypassConsent":false,"dataSets":{},"apiTier":"Standard","isCustomApiConnection":false,"actions":["MyProfile","SearchUser","UserPhotoMetadata","UserPhoto","UserProfileV2"]},"ab029557-ce8b-4c0b-999f-41273be46bef":{"id":"f6addd7f-7abe-4d7e-bb03-f0a1eb05200e","displayName":"Office 365 Outlook","iconUri":"https://connectoricons-prod.azureedge.net/u/henryorsborn/partial-builds/asev3migrations-with-resourceTemplate/1.0.1653.3403/office365/icon.png","dataSources":["Office365"],"dependencies":[],"dependents":[],"parameterHints":{},"parameterHintsV2":{},"isOnPremiseConnection":false,"bypassConsent":false,"dataSets":{},"apiTier":"Standard","isCustomApiConnection":false,"actions":["CalendarGetTables","GetEventsCalendarView","CalendarGetItem","SendEmail","CalendarPostItem","FindMeetingTimes","V2CalendarPostItem","GetRoomLists","GetRooms","GetRoomsInRoomList","GetEventsCalendarViewV2"]},"0709996f-842f-4d9b-9d21-618afede1a91":{"id":"43c4f899-436d-4137-87a1-084e6b043d4d","displayName":"OneNote (Empresa)","iconUri":"https://connectoricons-prod.azureedge.net/u/shgogna/globalperconnector-train1/1.0.1639.3312/onenote/icon.png","dataSources":["OneNote(Business)"],"dependencies":[],"dependents":[],"parameterHints":{},"parameterHintsV2":{},"isOnPremiseConnection":false,"bypassConsent":false,"dataSets":{},"apiTier":"Standard","isCustomApiConnection":false,"actions":["CreatePageInSection","GetNotebooks","GetSectionsInNotebook","CreateSectionInNotebook"]},"5867dfa2-c11f-4590-8528-e575cc1e8f82":{"id":"f66fdcf1-b214-4dee-8175-3b08101fe691","displayName":"Planner","iconUri":"https://connectoricons-prod.azureedge.net/releases/v1.0.1652/1.0.1652.3394/planner/icon.png","dataSources":["Planner"],"dependencies":[],"dependents":[],"parameterHints":{},"parameterHintsV2":{},"isOnPremiseConnection":false,"bypassConsent":false,"dataSets":{},"apiTier":"Standard","isCustomApiConnection":false,"actions":["CreateTaskV2","ListMyPlans","ListBuckets"]}},"databaseReferences":{},"almMode":"Environment","performanceOptimizationEnabled":false,"canConsumeAppPass":true,"enableModernRuntimeMode":false,"executionRestrictions":{"isTeamsOnly":false,"dataLossPreventionEvaluationResult":{"status":"Compliant","lastEvaluationDate":"2023-09-11T13:01:07.1849518Z","violations":[],"violationsByPolicy":[],"violationErrorMessage":"La aplicación usa los siguientes conectores: shared_office365users, shared_office365, shared_onenote, shared_planner."}}},"appType":"ClassicCanvasApp","appComponents":[]}}